,Team,Posicao,Club,#,Birth Date,FIFA Popular Name,#
0,Argentina,DF,AFC Ajax (NED),3,16.02.1986,GODIN Diego,3
1,Argentina,DF,AFC Ajax (NED),3,28.03.1987,BEN ALOUANE Yohan,3
2,Argentina,DF,AFC Ajax (NED),3,21.06.1990,MOUBANDJE Francois,3
3,Argentina,DF,AFC Ajax (NED),3,17.07.1994,LINDELOF Victor,3
4,Argentina,DF,AFC Ajax (NED),3,02.02.1987,PIQUE Gerard,3
5,Argentina,DF,AFC Ajax (NED),3,19.01.1985,TOSIC Dusko,3
6,Argentina,DF,AFC Ajax (NED),3,20.06.1991,KOULIBALY Kalidou,3
7,Argentina,DF,AFC Ajax (NED),3,31.03.1984,OSAMA HAWSAWI,3
8,Argentina,DF,AFC Ajax (NED),3,29.07.1993,KUTEPOV Ilya,3
9,Argentina,DF,AFC Ajax (NED),3,26.02.1983,PEPE,3
10,Argentina,DF,AFC Ajax (NED),3,04.11.1987,JEDRZEJCZYK Artur,3
11,Argentina,DF,AFC Ajax (NED),3,20.05.1989,CORZO Aldo,3
12,Argentina,DF,AFC Ajax (NED),3,01.03.1992,CUMMINGS Harold,3
13,Argentina,DF,AFC Ajax (NED),3,20.01.1988,ECHIEJILE Elderson,3
14,Argentina,DF,AFC Ajax (NED),3,21.10.1997,MENDYL Hamza,3
15,Argentina,DF,AFC Ajax (NED),3,29.09.1993,SALCEDO Carlos,3
16,Argentina,DF,AFC Ajax (NED),3,03.04.1994,JUNG Seunghyun,3
17,Argentina,DF,AFC Ajax (NED),3,11.12.1992,SHOJI Gen,3
18,Argentina,DF,AFC Ajax (NED),3,25.02.1990,HAJI SAFI Ehsan,3
19,Argentina,DF,AFC Ajax (NED),3,22.02.1996,FRIDJONSSON Samuel,3
20,Argentina,DF,AFC Ajax (NED),3,27.05.1990,HECTOR Jonas,3
21,Argentina,DF,AFC Ajax (NED),3,13.08.1995,KIMPEMBE Presnel,3
22,Argentina,DF,AFC Ajax (NED),3,02.07.1990,ROSE Danny,3
23,Argentina,DF,AFC Ajax (NED),3,09.09.1987,AHMED ELMOHAMADY,3
24,Argentina,DF,AFC Ajax (NED),3,03.08.1992,VESTERGAARD Jannik,3
25,Argentina,DF,AFC Ajax (NED),3,17.07.1987,STRINIC Ivan,3
26,Argentina,DF,AFC Ajax (NED),3,08.02.1988,GONZALEZ Giancarlo,3
27,Argentina,DF,AFC Ajax (NED),3,18.04.1988,MURILLO Oscar,3
28,Argentina,DF,AFC Ajax (NED),3,07.09.1984,MIRANDA,3
29,Argentina,DF,AFC Ajax (NED),3,14.11.1985,VERMAELEN Thomas,3
30,Argentina,DF,AFC Ajax (NED),3,05.04.1988,MEREDITH James,3
31,Argentina,DF,AFC Ajax (NED),3,31.08.1992,TAGLIAFICO Nicolas,3
32,Argentina,MF,CA Boca Juniors (ARG),22,07.04.1987,CACERES Martin,22
33,Argentina,MF,CA Boca Juniors (ARG),22,05.03.1995,HASSEN Mouez,22
34,Argentina,MF,CA Boca Juniors (ARG),22,20.12.1991,SCHAER Fabian,22
35,Argentina,MF,CA Boca Juniors (ARG),22,24.06.1992,THELIN Isaac Kiese,22
36,Argentina,MF,CA Boca Juniors (ARG),22,21.04.1992,ISCO,22
37,Argentina,MF,CA Boca Juniors (ARG),22,29.09.1991,LJAJIC Adem,22
38,Argentina,MF,CA Boca Juniors (ARG),22,04.10.1998,WAGUE Moussa,22
39,Argentina,MF,CA Boca Juniors (ARG),22,10.10.1991,MOHAMMED ALOWAIS,22
40,Argentina,MF,CA Boca Juniors (ARG),22,22.08.1988,DZYUBA Artem,22
41,Argentina,MF,CA Boca Juniors (ARG),22,01.05.1982,BETO,22
42,Argentina,MF,CA Boca Juniors (ARG),22,18.04.1985,FABIANSKI Lukasz,22
43,Argentina,MF,CA Boca Juniors (ARG),22,26.10.1994,LOYOLA Nilson,22
44,Argentina,MF,CA Boca Juniors (ARG),22,05.08.1990,RODRIGUEZ Alex,22
45,Argentina,MF,CA Boca Juniors (ARG),22,17.10.1993,OMERUO Kenneth,22
46,Argentina,MF,CA Boca Juniors (ARG),22,05.04.1996,TAGNAOUTI Ahmed,22
47,Argentina,MF,CA Boca Juniors (ARG),22,30.07.1995,LOZANO Hirving,22
48,Argentina,MF,CA Boca Juniors (ARG),22,10.03.1988,GO Yohan,22
49,Argentina,MF,CA Boca Juniors (ARG),22,24.08.1988,YOSHIDA Maya,22
50,Argentina,MF,CA Boca Juniors (ARG),22,26.04.1993,ABEDZADEH Amir,22
51,Argentina,MF,CA Boca Juniors (ARG),22,25.05.1992,BODVARSSON Jon,22
52,Argentina,MF,CA Boca Juniors (ARG),22,30.04.1992,TER STEGEN Marc-Andre,22
53,Argentina,MF,CA Boca Juniors (ARG),22,17.07.1994,MENDY Benjamin,22
54,Argentina,MF,CA Boca Juniors (ARG),22,07.10.1998,ALEXANDER-ARNOLD Trent,22
55,Argentina,MF,CA Boca Juniors (ARG),22,17.09.1993,AMR WARDA,22
56,Argentina,MF,CA Boca Juniors (ARG),22,04.08.1992,RONNOW Frederik,22
57,Argentina,MF,CA Boca Juniors (ARG),22,30.01.1989,PIVARIC Josip,22
58,Argentina,MF,CA Boca Juniors (ARG),22,09.07.1994,MATARRITA Ronald,22
59,Argentina,MF,CA Boca Juniors (ARG),22,01.06.1985,CUADRADO Jose,22
60,Argentina,MF,CA Boca Juniors (ARG),22,11.06.1989,FAGNER,22
61,Argentina,MF,CA Boca Juniors (ARG),22,02.08.1989,CHADLI Nacer,22
62,Argentina,MF,CA Boca Juniors (ARG),22,07.03.1993,IRVINE Jackson,22
63,Argentina,MF,CA Boca Juniors (ARG),22,21.01.1996,PAVON Cristian,22
64,Argentina,MF,West Ham United FC (ENG),15,24.08.1991,VECINO Matias,15
65,Argentina,MF,West Ham United FC (ENG),15,21.12.1994,KHALIL Ahmed,15
66,Argentina,MF,West Ham United FC (ENG),15,12.04.1986,DZEMAILI Blerim,15
67,Argentina,MF,West Ham United FC (ENG),15,28.06.1992,HILJEMARK Oscar,15
68,Argentina,MF,West Ham United FC (ENG),15,30.03.1986,RAMOS Sergio,15
69,Argentina,MF,West Ham United FC (ENG),15,12.10.1997,MILENKOVIC Nikola,15
70,Argentina,MF,West Ham United FC (ENG),15,24.12.1989,SAKHO Diafra,15
71,Argentina,MF,West Ham United FC (ENG),15,16.08.1996,ABDULLAH ALKHAIBARI,15
72,Argentina,MF,West Ham United FC (ENG),15,17.10.1995,MIRANCHUK Alexey,15
73,Argentina,MF,West Ham United FC (ENG),15,06.10.1993,RICARDO,15
74,Argentina,MF,West Ham United FC (ENG),15,03.02.1988,GLIK Kamil,15
75,Argentina,MF,West Ham United FC (ENG),15,04.11.1988,RAMOS Christian,15
76,Argentina,MF,West Ham United FC (ENG),15,31.03.1991,DAVIS Eric,15
77,Argentina,MF,West Ham United FC (ENG),15,22.05.1991,OBI Joel,15
78,Argentina,MF,West Ham United FC (ENG),15,07.07.1996,AIT BENNASSER Youssef,15
79,Argentina,MF,West Ham United FC (ENG),15,17.01.1988,MORENO Hector,15
80,Argentina,MF,West Ham United FC (ENG),15,14.12.1989,JUNG Wooyoung,15
81,Argentina,MF,West Ham United FC (ENG),15,18.05.1990,OSAKO Yuya,15
82,Argentina,MF,West Ham United FC (ENG),15,06.09.1983,MONTAZERI Pejman,15
83,Argentina,MF,West Ham United FC (ENG),15,06.08.1990,EYJOLFSSON Holmar,15
84,Argentina,MF,West Ham United FC (ENG),15,03.09.1995,SUELE Niklas,15
85,Argentina,MF,West Ham United FC (ENG),15,15.12.1988,NZONZI Steven,15
86,Argentina,MF,West Ham United FC (ENG),15,19.12.1985,CAHILL Gary,15
87,Argentina,MF,West Ham United FC (ENG),15,01.06.1995,MAHMOUD HAMDY,15
88,Argentina,MF,West Ham United FC (ENG),15,09.06.1994,FISCHER Viktor,15
89,Argentina,MF,West Ham United FC (ENG),15,17.09.1996,CALETA-CAR Duje,15
90,Argentina,MF,West Ham United FC (ENG),15,08.07.1992,CALVO Francisco,15
91,Argentina,MF,West Ham United FC (ENG),15,21.03.1991,URIBE Mateus,15
92,Argentina,MF,West Ham United FC (ENG),15,25.07.1988,PAULINHO,15
93,Argentina,MF,West Ham United FC (ENG),15,12.09.1991,MEUNIER Thomas,15
94,Argentina,MF,West Ham United FC (ENG),15,03.08.1984,JEDINAK Mile,15
95,Argentina,MF,West Ham United FC (ENG),15,15.02.1993,LANZINI Manuel,15
96,Argentina,DF,SL Benfica (POR),18,14.08.1996,GOMEZ Maximiliano,18
97,Argentina,DF,SL Benfica (POR),18,25.06.1997,SRARFI Bassem,18
98,Argentina,DF,SL Benfica (POR),18,24.11.1989,GAVRANOVIC Mario,18
99,Argentina,DF,SL Benfica (POR),18,13.02.1991,JANSSON Pontus,18
100,Argentina,DF,SL Benfica (POR),18,21.03.1989,ALBA Jordi,18
101,Argentina,DF,SL Benfica (POR),18,15.02.1996,RADONJIC Nemanja,18
102,Argentina,DF,SL Benfica (POR),18,25.02.1998,SARR Ismaila,18
103,Argentina,DF,SL Benfica (POR),18,19.08.1991,SALEM ALDAWSARI,18
104,Argentina,DF,SL Benfica (POR),18,20.08.1983,ZHIRKOV Yury,18
105,Argentina,DF,SL Benfica (POR),18,11.05.1995,GELSON MARTINS,18
106,Argentina,DF,SL Benfica (POR),18,12.07.1992,BERESZYNSKI Bartosz,18
107,Argentina,DF,SL Benfica (POR),18,14.06.1991,CARRILLO Andre,18
108,Argentina,DF,SL Benfica (POR),18,28.03.1982,TEJADA Luis,18
109,Argentina,DF,SL Benfica (POR),18,03.05.1996,IWOBI Alex,18
110,Argentina,DF,SL Benfica (POR),18,18.06.1997,HARIT Amine,18
111,Argentina,DF,SL Benfica (POR),18,28.09.1986,GUARDADO Andres,18
112,Argentina,DF,SL Benfica (POR),18,09.06.1992,MOON Seonmin,18
113,Argentina,DF,SL Benfica (POR),18,23.01.1993,OSHIMA Ryota,18
114,Argentina,DF,SL Benfica (POR),18,11.08.1993,JAHANBAKHSH Alireza,18
115,Argentina,DF,SL Benfica (POR),18,11.02.1993,MAGNUSSON Hordur,18
116,Argentina,DF,SL Benfica (POR),18,08.02.1995,KIMMICH Joshua,18
117,Argentina,DF,SL Benfica (POR),18,18.07.1993,FEKIR Nabil,18
118,Argentina,DF,SL Benfica (POR),18,09.07.1985,YOUNG Ashley,18
119,Argentina,DF,SL Benfica (POR),18,05.03.1986,SHIKABALA,18
120,Argentina,DF,SL Benfica (POR),18,12.07.1993,LERAGER Lukas,18
121,Argentina,DF,SL Benfica (POR),18,21.09.1993,REBIC Ante,18
122,Argentina,DF,SL Benfica (POR),18,24.04.1982,PEMBERTON Patrick,18
123,Argentina,DF,SL Benfica (POR),18,22.02.1991,FABRA Frank,18
124,Argentina,DF,SL Benfica (POR),18,05.03.1993,FRED,18
125,Argentina,DF,SL Benfica (POR),18,05.02.1995,JANUZAJ Adnan,18
126,Argentina,DF,SL Benfica (POR),18,27.03.1985,VUKOVIC Danny,18
127,Argentina,DF,SL Benfica (POR),18,13.07.1990,SALVIO Eduardo,18
128,Argentina,FW,FC Barcelona (ESP),10,01.06.1994,DE ARRASCAETA Giorgian,10
129,Argentina,FW,FC Barcelona (ESP),10,08.02.1991,KHAZRI Wahbi,10
130,Argentina,FW,FC Barcelona (ESP),10,27.09.1992,XHAKA Granit,10
131,Argentina,FW,FC Barcelona (ESP),10,23.10.1991,FORSBERG Emil,10
132,Argentina,FW,FC Barcelona (ESP),10,11.04.1991,THIAGO,10
133,Argentina,FW,FC Barcelona (ESP),10,20.11.1988,TADIC Dusan,10
134,Argentina,FW,FC Barcelona (ESP),10,10.04.1992,MANE Sadio,10
135,Argentina,FW,FC Barcelona (ESP),10,10.01.1987,MOHAMMED ALSAHLAWI,10
136,Argentina,FW,FC Barcelona (ESP),10,09.02.1990,SMOLOV Fedor,10
137,Argentina,FW,FC Barcelona (ESP),10,19.01.1993,JOAO MARIO,10
138,Argentina,FW,FC Barcelona (ESP),10,29.01.1990,KRYCHOWIAK Grzegorz,10
139,Argentina,FW,FC Barcelona (ESP),10,26.10.1984,FARFAN Jefferson,10
140,Argentina,FW,FC Barcelona (ESP),10,12.05.1997,DIAZ Ismael,10
141,Argentina,FW,FC Barcelona (ESP),10,22.04.1987,MIKEL John Obi,10
142,Argentina,FW,FC Barcelona (ESP),10,25.02.1990,BELHANDA Younes,10
143,Argentina,FW,FC Barcelona (ESP),10,11.05.1989,DOS SANTOS Giovani,10
144,Argentina,FW,FC Barcelona (ESP),10,06.01.1998,LEE Seungwoo,10
145,Argentina,FW,FC Barcelona (ESP),10,17.03.1989,KAGAWA Shinji,10
146,Argentina,FW,FC Barcelona (ESP),10,03.04.1990,ANSARIFARD Karim,10
147,Argentina,FW,FC Barcelona (ESP),10,08.09.1989,SIGURDSSON Gylfi,10
148,Argentina,FW,FC Barcelona (ESP),10,15.10.1988,OEZIL Mesut,10
149,Argentina,FW,FC Barcelona (ESP),10,20.12.1998,MBAPPE Kylian,10
150,Argentina,FW,FC Barcelona (ESP),10,08.12.1994,STERLING Raheem,10
151,Argentina,FW,FC Barcelona (ESP),10,15.06.1992,MOHAMED SALAH,10
152,Argentina,FW,FC Barcelona (ESP),10,14.02.1992,ERIKSEN Christian,10
153,Argentina,FW,FC Barcelona (ESP),10,09.09.1985,MODRIC Luka,10
154,Argentina,FW,FC Barcelona (ESP),10,18.08.1985,RUIZ Bryan,10
155,Argentina,FW,FC Barcelona (ESP),10,12.07.1991,RODRIGUEZ James,10
156,Argentina,FW,FC Barcelona (ESP),10,05.02.1992,NEYMAR,10
157,Argentina,FW,FC Barcelona (ESP),10,07.01.1991,HAZARD Eden,10
158,Argentina,FW,FC Barcelona (ESP),10,05.10.1988,KRUSE Robbie,10
159,Argentina,FW,FC Barcelona (ESP),10,24.06.1987,MESSI Lionel,10
160,Argentina,DF,Torino FC (ITA),4,24.03.1993,VARELA Guillermo,4
161,Argentina,DF,Torino FC (ITA),4,02.07.1993,MERIAH Yassine,4
162,Argentina,DF,Torino FC (ITA),4,30.09.1996,ELVEDI Nico,4
163,Argentina,DF,Torino FC (ITA),4,16.04.1985,GRANQVIST Andreas,4
164,Argentina,DF,Torino FC (ITA),4,18.01.1990,NACHO,4
165,Argentina,DF,Torino FC (ITA),4,07.04.1991,MILIVOJEVIC Luka,4
166,Argentina,DF,Torino FC (ITA),4,22.11.1989,MBODJI Kara,4
167,Argentina,DF,Torino FC (ITA),4,21.11.1989,ALI ALBULAYHI,4
168,Argentina,DF,Torino FC (ITA),4,14.07.1979,IGNASHEVICH Sergey,4
169,Argentina,DF,Torino FC (ITA),4,05.02.1986,MANUEL FERNANDES,4
170,Argentina,DF,Torino FC (ITA),4,21.04.1986,CIONEK Thiago,4
171,Argentina,DF,Torino FC (ITA),4,10.01.1992,SANTAMARIA Anderson,4
172,Argentina,DF,Torino FC (ITA),4,09.01.1995,ESCOBAR Fidel,4
173,Argentina,DF,Torino FC (ITA),4,16.12.1996,NDIDI Onyinye,4
174,Argentina,DF,Torino FC (ITA),4,06.05.1986,DA COSTA Manuel,4
175,Argentina,DF,Torino FC (ITA),4,13.02.1979,MARQUEZ Rafael,4
176,Argentina,DF,Torino FC (ITA),4,20.05.1988,OH Bansuk,4
177,Argentina,DF,Torino FC (ITA),4,13.06.1986,HONDA Keisuke,4
178,Argentina,DF,Torino FC (ITA),4,24.07.1993,CHESHMI Roozbeh,4
179,Argentina,DF,Torino FC (ITA),4,15.06.1997,GUDMUNDSSON Albert,4
180,Argentina,DF,Torino FC (ITA),4,19.01.1994,GINTER Matthias,4
181,Argentina,DF,Torino FC (ITA),4,25.04.1993,VARANE Raphael,4
182,Argentina,DF,Torino FC (ITA),4,15.01.1994,DIER Eric,4
183,Argentina,DF,Torino FC (ITA),4,30.01.1992,OMAR GABER,4
184,Argentina,DF,Torino FC (ITA),4,26.03.1989,KJAER Simon,4
185,Argentina,DF,Torino FC (ITA),4,02.02.1989,PERISIC Ivan,4
186,Argentina,DF,Torino FC (ITA),4,06.03.1998,SMITH Ian,4
187,Argentina,DF,Torino FC (ITA),4,13.01.1992,ARIAS Santiago,4
188,Argentina,DF,Torino FC (ITA),4,21.09.1985,PEDRO GEROMEL,4
189,Argentina,DF,Torino FC (ITA),4,10.04.1986,KOMPANY Vincent,4
190,Argentina,DF,Torino FC (ITA),4,06.12.1979,CAHILL Tim,4
191,Argentina,DF,Torino FC (ITA),4,20.09.1986,ANSALDI Cristian,4
192,Argentina,MF,AC Milan (ITA),5,02.12.1984,SANCHEZ Carlos,5
193,Argentina,MF,AC Milan (ITA),5,28.01.1992,HADDADI Oussama,5
194,Argentina,MF,AC Milan (ITA),5,19.07.1995,AKANJI Manuel,5
195,Argentina,MF,AC Milan (ITA),5,17.05.1988,OLSSON Martin,5
196,Argentina,MF,AC Milan (ITA),5,16.07.1988,BUSQUETS Sergio,5
197,Argentina,MF,AC Milan (ITA),5,13.02.1993,SPAJIC Uros,5
198,Argentina,MF,AC Milan (ITA),5,26.09.1989,GUEYE Idrissa Gana,5
199,Argentina,MF,AC Milan (ITA),5,27.09.1985,OMAR OTHMAN,5
200,Argentina,MF,AC Milan (ITA),5,24.03.1989,SEMENOV Andrey,5
201,Argentina,MF,AC Milan (ITA),5,22.12.1993,RAPHAEL GUERREIRO,5
202,Argentina,MF,AC Milan (ITA),5,12.04.1996,BEDNAREK Jan,5
203,Argentina,MF,AC Milan (ITA),5,24.10.1994,ARAUJO Miguel,5
204,Argentina,MF,AC Milan (ITA),5,20.03.1986,TORRES Roman,5
205,Argentina,MF,AC Milan (ITA),5,01.09.1993,EKONG William,5
206,Argentina,MF,AC Milan (ITA),5,17.04.1987,BENATIA Mehdi,5
207,Argentina,MF,AC Milan (ITA),5,19.09.1992,REYES Diego,5
208,Argentina,MF,AC Milan (ITA),5,04.10.1988,YUN Youngsun,5
209,Argentina,MF,AC Milan (ITA),5,12.09.1986,NAGATOMO Yuto,5
210,Argentina,MF,AC Milan (ITA),5,29.09.1993,MOHAMMADI Milad,5
211,Argentina,MF,AC Milan (ITA),5,05.08.1993,INGASON Sverrir,5
212,Argentina,MF,AC Milan (ITA),5,16.12.1988,HUMMELS Mats,5
213,Argentina,MF,AC Milan (ITA),5,14.11.1993,UMTITI Samuel,5
214,Argentina,MF,AC Milan (ITA),5,28.05.1994,STONES John,5
215,Argentina,MF,AC Milan (ITA),5,10.09.1991,SAM MORSY,5
216,Argentina,MF,AC Milan (ITA),5,16.09.1992,KNUDSEN Jonas,5
217,Argentina,MF,AC Milan (ITA),5,05.02.1986,CORLUKA Vedran,5
218,Argentina,MF,AC Milan (ITA),5,27.05.1988,BORGES Celso,5
219,Argentina,MF,AC Milan (ITA),5,16.10.1993,BARRIOS  Wilmar,5
220,Argentina,MF,AC Milan (ITA),5,23.02.1992,CASEMIRO,5
221,Argentina,MF,AC Milan (ITA),5,24.04.1987,VERTONGHEN Jan,5
222,Argentina,MF,AC Milan (ITA),5,04.08.1985,MILLIGAN Mark,5
223,Argentina,MF,AC Milan (ITA),5,30.01.1986,BIGLIA Lucas,5
224,Argentina,MF,Sevilla FC (ESP),7,30.09.1985,RODRIGUEZ Cristian,7
225,Argentina,MF,Sevilla FC (ESP),7,27.04.1995,KHAOUI Saifeddine,7
226,Argentina,MF,Sevilla FC (ESP),7,14.02.1997,EMBOLO Breel,7
227,Argentina,MF,Sevilla FC (ESP),7,06.06.1985,LARSSON Sebastian,7
228,Argentina,MF,Sevilla FC (ESP),7,21.11.1994,SAUL,7
229,Argentina,MF,Sevilla FC (ESP),7,11.07.1996,ZIVKOVIC Andrija,7
230,Argentina,MF,Sevilla FC (ESP),7,19.01.1986,SOW Moussa,7
231,Argentina,MF,Sevilla FC (ESP),7,01.08.1989,SALMAN ALFARAJ,7
232,Argentina,MF,Sevilla FC (ESP),7,15.01.1993,KUZIAEV Daler,7
233,Argentina,MF,Sevilla FC (ESP),7,05.02.1985,CRISTIANO RONALDO,7
234,Argentina,MF,Sevilla FC (ESP),7,28.02.1994,MILIK Arkadiusz,7
235,Argentina,MF,Sevilla FC (ESP),7,27.07.1990,HURTADO Paolo,7
236,Argentina,MF,Sevilla FC (ESP),7,13.03.1981,PEREZ Blas,7
237,Argentina,MF,Sevilla FC (ESP),7,14.10.1992,MUSA Ahmed,7
238,Argentina,MF,Sevilla FC (ESP),7,19.03.1993,ZIYACH Hakim,7
239,Argentina,MF,Sevilla FC (ESP),7,25.06.1988,LAYUN Miguel,7
240,Argentina,MF,Sevilla FC (ESP),7,08.07.1992,SON Heungmin,7
241,Argentina,MF,Sevilla FC (ESP),7,28.05.1992,SHIBASAKI Gaku,7
242,Argentina,MF,Sevilla FC (ESP),7,09.06.1984,SHOJAEI Masoud,7
243,Argentina,MF,Sevilla FC (ESP),7,27.10.1990,GUDMUNDSSON Johann,7
244,Argentina,MF,Sevilla FC (ESP),7,20.09.1993,DRAXLER Julian,7
245,Argentina,MF,Sevilla FC (ESP),7,21.03.1991,GRIEZMANN Antoine,7
246,Argentina,MF,Sevilla FC (ESP),7,15.12.1992,LINGARD Jesse,7
247,Argentina,MF,Sevilla FC (ESP),7,10.11.1984,AHMED FATHI,7
248,Argentina,MF,Sevilla FC (ESP),7,24.02.1985,KVIST William,7
249,Argentina,MF,Sevilla FC (ESP),7,10.03.1988,RAKITIC Ivan,7
250,Argentina,MF,Sevilla FC (ESP),7,17.05.1984,BOLANOS Christian,7
251,Argentina,MF,Sevilla FC (ESP),7,08.09.1986,BACCA Carlos,7
252,Argentina,MF,Sevilla FC (ESP),7,14.09.1990,DOUGLAS COSTA,7
253,Argentina,MF,Sevilla FC (ESP),7,28.06.1991,DE BRUYNE Kevin,7
254,Argentina,MF,Sevilla FC (ESP),7,04.02.1991,LECKIE Mathew,7
255,Argentina,MF,Sevilla FC (ESP),7,29.06.1988,BANEGA Ever,7
256,Argentina,DF,Hebei China Fortune FC (CHN),14,11.02.1996,TORREIRA Lucas,14
257,Argentina,DF,Hebei China Fortune FC (CHN),14,03.05.1992,BEN AMOR Mohamed,14
258,Argentina,DF,Hebei China Fortune FC (CHN),14,17.08.1991,ZUBER Steven,14
259,Argentina,DF,Hebei China Fortune FC (CHN),14,22.04.1993,HELANDER Filip,14
260,Argentina,DF,Hebei China Fortune FC (CHN),14,28.08.1989,AZPILICUETA Cesar,14
261,Argentina,DF,Hebei China Fortune FC (CHN),14,02.04.1991,RODIC Milan,14
262,Argentina,DF,Hebei China Fortune FC (CHN),14,03.04.1993,KONATE Moussa,14
263,Argentina,DF,Hebei China Fortune FC (CHN),14,03.08.1992,ABDULLAH OTAYF,14
264,Argentina,DF,Hebei China Fortune FC (CHN),14,22.05.1987,GRANAT Vladimir,14
265,Argentina,DF,Hebei China Fortune FC (CHN),14,07.04.1992,WILLIAM,14
266,Argentina,DF,Hebei China Fortune FC (CHN),14,03.06.1991,TEODORCZYK Lukasz,14
267,Argentina,DF,Hebei China Fortune FC (CHN),14,29.09.1994,POLO Andy,14
268,Argentina,DF,Hebei China Fortune FC (CHN),14,30.05.1991,PIMENTEL Valentin,14
269,Argentina,DF,Hebei China Fortune FC (CHN),14,10.03.1996,IHEANACHO Kelechi,14
270,Argentina,DF,Hebei China Fortune FC (CHN),14,15.08.1984,BOUSSOUFA Mbark,14
271,Argentina,DF,Hebei China Fortune FC (CHN),14,01.06.1988,HERNANDEZ Javier,14
272,Argentina,DF,Hebei China Fortune FC (CHN),14,17.09.1990,HONG Chul,14
273,Argentina,DF,Hebei China Fortune FC (CHN),14,02.06.1988,INUI Takashi,14
274,Argentina,DF,Hebei China Fortune FC (CHN),14,06.09.1993,GHODDOS  Saman,14
275,Argentina,DF,Hebei China Fortune FC (CHN),14,13.10.1982,ARNASON Kari,14
276,Argentina,DF,Hebei China Fortune FC (CHN),14,06.02.1995,GORETZKA Leon,14
277,Argentina,DF,Hebei China Fortune FC (CHN),14,09.04.1987,MATUIDI Blaise,14
278,Argentina,DF,Hebei China Fortune FC (CHN),14,26.11.1990,WELBECK Danny,14
279,Argentina,DF,Hebei China Fortune FC (CHN),14,23.01.1997,RAMADAN SOBHY,14
280,Argentina,DF,Hebei China Fortune FC (CHN),14,27.07.1989,DALSGAARD Henrik,14
281,Argentina,DF,Hebei China Fortune FC (CHN),14,11.01.1992,BRADARIC Filip,14
282,Argentina,DF,Hebei China Fortune FC (CHN),14,30.12.1984,AZOFEIFA Randall,14
283,Argentina,DF,Hebei China Fortune FC (CHN),14,16.04.1991,MURIEL Luis,14
284,Argentina,DF,Hebei China Fortune FC (CHN),14,15.07.1991,DANILO,14
285,Argentina,DF,Hebei China Fortune FC (CHN),14,06.05.1987,MERTENS Dries,14
286,Argentina,DF,Hebei China Fortune FC (CHN),14,29.07.1993,MacLAREN Jamie,14
287,Argentina,DF,Hebei China Fortune FC (CHN),14,08.06.1984,MASCHERANO Javier,14
288,Argentina,FW,Juventus FC (ITA),21,14.02.1987,CAVANI Edinson,21
289,Argentina,FW,Juventus FC (ITA),21,28.10.1992,NAGUEZ Hamdi,21
290,Argentina,FW,Juventus FC (ITA),21,14.11.1990,BUERKI Roman,21
291,Argentina,FW,Juventus FC (ITA),21,22.03.1989,DURMAZ Jimmy,21
292,Argentina,FW,Juventus FC (ITA),21,08.01.1986,SILVA David,21
293,Argentina,FW,Juventus FC (ITA),21,01.08.1988,MATIC Nemanja,21
294,Argentina,FW,Juventus FC (ITA),21,20.10.1989,GASSAMA Lamine,21
295,Argentina,FW,Juventus FC (ITA),21,27.02.1984,YASSER ALMOSAILEM,21
296,Argentina,FW,Juventus FC (ITA),21,13.10.1989,EROKHIN Aleksandr,21
297,Argentina,FW,Juventus FC (ITA),21,31.08.1991,CEDRIC,21
298,Argentina,FW,Juventus FC (ITA),21,29.01.1993,KURZAWA Rafal,21
299,Argentina,FW,Juventus FC (ITA),21,01.03.1986,CARVALLO Jose,21
300,Argentina,FW,Juventus FC (ITA),21,19.06.1998,RODRIGUEZ Jose Luis,21
301,Argentina,FW,Juventus FC (ITA),21,16.12.1995,EBUEHI Tyronne,21
302,Argentina,FW,Juventus FC (ITA),21,21.08.1996,AMRABAT Sofyan,21
303,Argentina,FW,Juventus FC (ITA),21,24.10.1997,ALVAREZ Edson,21
304,Argentina,FW,Juventus FC (ITA),21,06.07.1987,KIM Jinhyeon,21
305,Argentina,FW,Juventus FC (ITA),21,14.03.1991,SAKAI Gotoku,21
306,Argentina,FW,Juventus FC (ITA),21,05.07.1986,DEJAGAH Ashkan,21
307,Argentina,FW,Juventus FC (ITA),21,30.04.1993,TRAUSTASON Arnor,21
308,Argentina,FW,Juventus FC (ITA),21,24.10.1990,GUENDOGAN Ilkay,21
309,Argentina,FW,Juventus FC (ITA),21,14.02.1996,HERNANDEZ Lucas,21
310,Argentina,FW,Juventus FC (ITA),21,23.01.1996,LOFTUS-CHEEK Ruben,21
311,Argentina,FW,Juventus FC (ITA),21,01.10.1994,TREZEGUET,21
312,Argentina,FW,Juventus FC (ITA),21,16.03.1993,CORNELIUS Andreas,21
313,Argentina,FW,Juventus FC (ITA),21,29.04.1989,VIDA Domagoj,21
314,Argentina,FW,Juventus FC (ITA),21,05.03.1990,URENA Marcos,21
315,Argentina,FW,Juventus FC (ITA),21,07.07.1992,IZQUIERDO Jose,21
316,Argentina,FW,Juventus FC (ITA),21,13.01.1988,TAISON,21
317,Argentina,FW,Juventus FC (ITA),21,02.10.1993,BATSHUAYI Michy,21
318,Argentina,FW,Juventus FC (ITA),21,10.11.1992,PETRATOS Dimitrios,21
319,Argentina,FW,Juventus FC (ITA),21,15.11.1993,DYBALA Paulo,21
320,Argentina,FW,Manchester City FC (ENG),19,07.10.1990,COATES Sebastian,19
321,Argentina,FW,Manchester City FC (ENG),19,14.10.1986,KHALIFA Saber,19
322,Argentina,FW,Manchester City FC (ENG),19,08.08.1992,DRMIC Josip,19
323,Argentina,FW,Manchester City FC (ENG),19,11.05.1991,ROHDEN Marcus,19
324,Argentina,FW,Manchester City FC (ENG),19,07.10.1988,COSTA Diego,19
325,Argentina,FW,Manchester City FC (ENG),19,23.12.1997,JOVIC Luka,19
326,Argentina,FW,Manchester City FC (ENG),19,19.12.1994,NIANG Mbaye,19
327,Argentina,FW,Manchester City FC (ENG),19,14.09.1994,FAHAD ALMUWALLAD,19
328,Argentina,FW,Manchester City FC (ENG),19,19.07.1984,SAMEDOV Alexander,19
329,Argentina,FW,Manchester City FC (ENG),19,27.05.1991,MARIO RUI,19
330,Argentina,FW,Manchester City FC (ENG),19,20.05.1994,ZIELINSKI Piotr,19
331,Argentina,FW,Manchester City FC (ENG),19,07.04.1990,YOTUN Yoshimar,19
332,Argentina,FW,Manchester City FC (ENG),19,18.12.1987,QUINTERO Alberto,19
333,Argentina,FW,Manchester City FC (ENG),19,20.04.1988,OGU John,19
334,Argentina,FW,Manchester City FC (ENG),19,01.06.1997,EN NESYRI Youssef,19
335,Argentina,FW,Manchester City FC (ENG),19,12.01.1984,PERALTA Oribe,19
336,Argentina,FW,Manchester City FC (ENG),19,27.02.1990,KIM Younggwon,19
337,Argentina,FW,Manchester City FC (ENG),19,12.04.1990,SAKAI Hiroki,19
338,Argentina,FW,Manchester City FC (ENG),19,20.06.1996,HOSSEINI Majid,19
339,Argentina,FW,Manchester City FC (ENG),19,25.02.1988,GISLASON Rurik,19
340,Argentina,FW,Manchester City FC (ENG),19,28.02.1990,RUDY Sebastian,19
341,Argentina,FW,Manchester City FC (ENG),19,29.07.1992,SIDIBE Djibril,19
342,Argentina,FW,Manchester City FC (ENG),19,31.10.1997,RASHFORD Marcus,19
343,Argentina,FW,Manchester City FC (ENG),19,13.07.1985,ABDALLA SAID,19
344,Argentina,FW,Manchester City FC (ENG),19,27.05.1986,SCHONE Lasse,19
345,Argentina,FW,Manchester City FC (ENG),19,25.02.1989,BADELJ Milan,19
346,Argentina,FW,Manchester City FC (ENG),19,01.01.1988,WASTON Kendall,19
347,Argentina,FW,Manchester City FC (ENG),19,26.01.1993,BORJA Miguel,19
348,Argentina,FW,Manchester City FC (ENG),19,09.08.1988,WILLIAN,19
349,Argentina,FW,Manchester City FC (ENG),19,16.07.1987,DEMBELE Moussa,19
350,Argentina,FW,Manchester City FC (ENG),19,27.07.1992,RISDON Joshua,19
351,Argentina,FW,Manchester City FC (ENG),19,02.06.1988,AGUERO Sergio,19
352,Argentina,FW,Juventus FC (ITA),9,24.01.1987,SUAREZ Luis,9
353,Argentina,FW,Juventus FC (ITA),9,18.09.1990,BADRI Anice,9
354,Argentina,FW,Juventus FC (ITA),9,22.02.1992,SEFEROVIC Haris,9
355,Argentina,FW,Juventus FC (ITA),9,17.08.1986,BERG Marcus,9
356,Argentina,FW,Juventus FC (ITA),9,06.03.1991,RODRIGO,9
357,Argentina,FW,Juventus FC (ITA),9,16.09.1994,MITROVIC Aleksandar,9
358,Argentina,FW,Juventus FC (ITA),9,16.12.1987,DIOUF Mame,9
359,Argentina,FW,Juventus FC (ITA),9,16.07.1992,HATAN BAHBIR,9
360,Argentina,FW,Juventus FC (ITA),9,17.06.1990,DZAGOEV Alan,9
361,Argentina,FW,Juventus FC (ITA),9,06.11.1995,ANDRE SILVA,9
362,Argentina,FW,Juventus FC (ITA),9,21.08.1988,LEWANDOWSKI Robert,9
363,Argentina,FW,Juventus FC (ITA),9,01.01.1984,GUERRERO Paolo,9
364,Argentina,FW,Juventus FC (ITA),9,31.10.1988,TORRES Gabriel,9
365,Argentina,FW,Juventus FC (ITA),9,16.06.1989,IGHALO Odion,9
366,Argentina,FW,Juventus FC (ITA),9,25.06.1993,EL KAABI Ayoub,9
367,Argentina,FW,Juventus FC (ITA),9,05.05.1991,JIMENEZ Raul,9
368,Argentina,FW,Juventus FC (ITA),9,14.04.1988,KIM Shinwook,9
369,Argentina,FW,Juventus FC (ITA),9,16.04.1986,OKAZAKI Shinji,9
370,Argentina,FW,Juventus FC (ITA),9,16.09.1987,EBRAHIMI Omid,9
371,Argentina,FW,Juventus FC (ITA),9,26.02.1991,SIGURDARSON Bjorn,9
372,Argentina,FW,Juventus FC (ITA),9,06.03.1996,WERNER Timo,9
373,Argentina,FW,Juventus FC (ITA),9,30.09.1986,GIROUD Olivier,9
374,Argentina,FW,Juventus FC (ITA),9,28.07.1993,KANE Harry,9
375,Argentina,FW,Juventus FC (ITA),9,26.02.1989,MARWAN MOHSEN,9
376,Argentina,FW,Juventus FC (ITA),9,15.01.1991,JORGENSEN Nicolai,9
377,Argentina,FW,Juventus FC (ITA),9,19.06.1991,KRAMARIC Andrej,9
378,Argentina,FW,Juventus FC (ITA),9,10.01.1985,COLINDRES Daniel,9
379,Argentina,FW,Juventus FC (ITA),9,10.02.1986,FALCAO Radamel,9
380,Argentina,FW,Juventus FC (ITA),9,03.04.1997,GABRIEL JESUS,9
381,Argentina,FW,Juventus FC (ITA),9,13.05.1993,LUKAKU Romelu,9
382,Argentina,FW,Juventus FC (ITA),9,22.07.1991,JURIC Tomi,9
383,Argentina,FW,Juventus FC (ITA),9,10.12.1987,HIGUAIN Gonzalo,9
384,Argentina,MF,Paris Saint-Germain FC (FRA),11,12.10.1986,STUANI Cristhian,11
385,Argentina,MF,Paris Saint-Germain FC (FRA),11,19.06.1995,BRONN Dylan,11
386,Argentina,MF,Paris Saint-Germain FC (FRA),11,19.04.1985,BEHRAMI Valon,11
387,Argentina,MF,Paris Saint-Germain FC (FRA),11,15.04.1992,GUIDETTI John,11
388,Argentina,MF,Paris Saint-Germain FC (FRA),11,01.07.1991,VAZQUEZ Lucas,11
389,Argentina,MF,Paris Saint-Germain FC (FRA),11,10.11.1985,KOLAROV Aleksandar,11
390,Argentina,MF,Paris Saint-Germain FC (FRA),11,29.03.1986,NDOYE Cheikh,11
391,Argentina,MF,Paris Saint-Germain FC (FRA),11,13.03.1986,ABDULMALEK ALKHAIBRI,11
392,Argentina,MF,Paris Saint-Germain FC (FRA),11,11.02.1994,ZOBNIN Roman,11
393,Argentina,MF,Paris Saint-Germain FC (FRA),11,10.08.1994,BERNARDO SILVA,11
394,Argentina,MF,Paris Saint-Germain FC (FRA),11,08.06.1988,GROSICKI Kamil,11
395,Argentina,MF,Paris Saint-Germain FC (FRA),11,25.07.1990,RUIDIAZ Raul,11
396,Argentina,MF,Paris Saint-Germain FC (FRA),11,26.11.1987,COOPER Armando,11
397,Argentina,MF,Paris Saint-Germain FC (FRA),11,12.12.1990,MOSES Victor,11
398,Argentina,MF,Paris Saint-Germain FC (FRA),11,01.08.1988,FAJR Faycal,11
399,Argentina,MF,Paris Saint-Germain FC (FRA),11,01.03.1989,VELA Carlos,11
400,Argentina,MF,Paris Saint-Germain FC (FRA),11,26.01.1996,HWANG Heechan,11
401,Argentina,MF,Paris Saint-Germain FC (FRA),11,06.05.1992,USAMI Takashi,11
402,Argentina,MF,Paris Saint-Germain FC (FRA),11,02.04.1988,AMIRI Vahid,11
403,Argentina,MF,Paris Saint-Germain FC (FRA),11,01.02.1989,FINNBOGASON Alfred,11
404,Argentina,MF,Paris Saint-Germain FC (FRA),11,31.05.1989,REUS Marco,11
405,Argentina,MF,Paris Saint-Germain FC (FRA),11,15.05.1997,DEMBELE Ousmane,11
406,Argentina,MF,Paris Saint-Germain FC (FRA),11,11.01.1987,VARDY Jamie,11
407,Argentina,MF,Paris Saint-Germain FC (FRA),11,13.04.1994,KAHRABA,11
408,Argentina,MF,Paris Saint-Germain FC (FRA),11,05.06.1991,BRAITHWAITE Martin,11
409,Argentina,MF,Paris Saint-Germain FC (FRA),11,16.11.1992,BROZOVIC Marcelo,11
410,Argentina,MF,Paris Saint-Germain FC (FRA),11,27.11.1988,VENEGAS Johan,11
411,Argentina,MF,Paris Saint-Germain FC (FRA),11,26.05.1988,CUADRADO Juan,11
412,Argentina,MF,Paris Saint-Germain FC (FRA),11,12.06.1992,PHILIPPE COUTINHO,11
413,Argentina,MF,Paris Saint-Germain FC (FRA),11,04.09.1993,CARRASCO Yannick,11
414,Argentina,MF,Paris Saint-Germain FC (FRA),11,17.12.1992,NABBOUT Andrew,11
415,Argentina,MF,Paris Saint-Germain FC (FRA),11,14.02.1988,DI MARIA Angel,11
416,Argentina,MF,Paris Saint-Germain FC (FRA),20,19.03.1990,URRETAVISCAYA Jonathan,20
417,Argentina,MF,Paris Saint-Germain FC (FRA),20,28.02.1994,CHAALELI Ghaylen,20
418,Argentina,MF,Paris Saint-Germain FC (FRA),20,18.01.1987,DJOUROU Johan,20
419,Argentina,MF,Paris Saint-Germain FC (FRA),20,03.07.1986,TOIVONEN Ola,20
420,Argentina,MF,Paris Saint-Germain FC (FRA),20,21.01.1996,ASENSIO Marco,20
421,Argentina,MF,Paris Saint-Germain FC (FRA),20,27.02.1995,MILINKOVIC-SAVIC Sergej,20
422,Argentina,MF,Paris Saint-Germain FC (FRA),20,08.03.1995,BALDE Keita,20
423,Argentina,MF,Paris Saint-Germain FC (FRA),20,14.10.1986,MUHANNAD ASIRI,20
424,Argentina,MF,Paris Saint-Germain FC (FRA),20,19.10.1983,GABULOV Vladimir,20
425,Argentina,MF,Paris Saint-Germain FC (FRA),20,26.09.1983,RICARDO QUARESMA,20
426,Argentina,MF,Paris Saint-Germain FC (FRA),20,03.06.1985,PISZCZEK Lukasz,20
427,Argentina,MF,Paris Saint-Germain FC (FRA),20,14.05.1994,FLORES Edison,20
428,Argentina,MF,Paris Saint-Germain FC (FRA),20,10.02.1990,GODOY Anibal,20
429,Argentina,MF,Paris Saint-Germain FC (FRA),20,01.01.1997,AWAZIEM Chidozie,20
430,Argentina,MF,Paris Saint-Germain FC (FRA),20,30.03.1987,BOUHADDOUZ Aziz,20
431,Argentina,MF,Paris Saint-Germain FC (FRA),20,11.02.1990,AQUINO Javier,20
432,Argentina,MF,Paris Saint-Germain FC (FRA),20,28.09.1991,JANG Hyunsoo,20
433,Argentina,MF,Paris Saint-Germain FC (FRA),20,11.05.1987,MAKINO Tomoaki,20
434,Argentina,MF,Paris Saint-Germain FC (FRA),20,01.01.1995,AZMOUN Sardar,20
435,Argentina,MF,Paris Saint-Germain FC (FRA),20,29.06.1984,HALLFREDSSON Emil,20
436,Argentina,MF,Paris Saint-Germain FC (FRA),20,02.05.1996,BRANDT Julian,20
437,Argentina,MF,Paris Saint-Germain FC (FRA),20,26.01.1993,THAUVIN Florian,20
438,Argentina,MF,Paris Saint-Germain FC (FRA),20,11.04.1996,ALLI Dele,20
439,Argentina,MF,Paris Saint-Germain FC (FRA),20,01.04.1989,SAMIR SAAD,20
440,Argentina,MF,Paris Saint-Germain FC (FRA),20,15.06.1994,POULSEN Yussuf Yurary,20
441,Argentina,MF,Paris Saint-Germain FC (FRA),20,06.05.1995,PJACA Marko,20
442,Argentina,MF,Paris Saint-Germain FC (FRA),20,18.02.1990,GUZMAN David,20
443,Argentina,MF,Paris Saint-Germain FC (FRA),20,18.01.1993,QUINTERO Juan,20
444,Argentina,MF,Paris Saint-Germain FC (FRA),20,02.10.1991,ROBERTO FIRMINO,20
445,Argentina,MF,Paris Saint-Germain FC (FRA),20,28.11.1990,BOYATA Dedryck,20
446,Argentina,MF,Paris Saint-Germain FC (FRA),20,05.01.1992,SAINSBURY Trent,20
447,Argentina,MF,Paris Saint-Germain FC (FRA),20,09.04.1996,LO CELSO Giovani,20
448,Argentina,MF,CA Independiente (ARG),13,05.03.1994,SILVA Gaston,13
449,Argentina,MF,CA Independiente (ARG),13,18.03.1992,SASSI Ferjani,13
450,Argentina,MF,CA Independiente (ARG),13,25.08.1992,RODRIGUEZ Ricardo,13
451,Argentina,MF,CA Independiente (ARG),13,07.02.1987,SVENSSON Gustav,13
452,Argentina,MF,CA Independiente (ARG),13,03.10.1994,ARRIZABALAGA Kepa,13
453,Argentina,MF,CA Independiente (ARG),13,26.09.1995,VELJKOVIC Milos,13
454,Argentina,MF,CA Independiente (ARG),13,06.03.1990,NDIAYE Alfred,13
455,Argentina,MF,CA Independiente (ARG),13,25.05.1992,YASIR ALSHAHRANI,13
456,Argentina,MF,CA Independiente (ARG),13,05.04.1987,KUDRIASHOV Fedor,13
457,Argentina,MF,CA Independiente (ARG),13,14.05.1997,RUBEN DIAS,13
458,Argentina,MF,CA Independiente (ARG),13,19.08.1989,RYBUS Maciej,13
459,Argentina,MF,CA Independiente (ARG),13,28.07.1995,TAPIA Renato,13
460,Argentina,MF,CA Independiente (ARG),13,14.02.1985,MACHADO Adolfo,13
461,Argentina,MF,CA Independiente (ARG),13,07.05.1992,NWANKWO Simeon,13
462,Argentina,MF,CA Independiente (ARG),13,24.04.1987,BOUTAIB Khalid,13
463,Argentina,MF,CA Independiente (ARG),13,13.07.1985,OCHOA Guillermo,13
464,Argentina,MF,CA Independiente (ARG),13,27.02.1989,KOO Jacheol,13
465,Argentina,MF,CA Independiente (ARG),13,15.07.1992,MUTO Yoshinori,13
466,Argentina,MF,CA Independiente (ARG),13,11.05.1991,KHANZADEH Mohammad Reza,13
467,Argentina,MF,CA Independiente (ARG),13,18.02.1995,RUNARSSON Runar,13
468,Argentina,MF,CA Independiente (ARG),13,13.09.1989,MUELLER Thomas,13
469,Argentina,MF,CA Independiente (ARG),13,29.03.1991,KANTE Ngolo,13
470,Argentina,MF,CA Independiente (ARG),13,10.03.1993,BUTLAND Jack,13
471,Argentina,MF,CA Independiente (ARG),13,01.07.1985,MOHAMED ABDELSHAFY,13
472,Argentina,MF,CA Independiente (ARG),13,23.04.1990,JORGENSEN Mathias,13
473,Argentina,MF,CA Independiente (ARG),13,28.11.1995,JEDVAJ Tin,13
474,Argentina,MF,CA Independiente (ARG),13,17.06.1988,WALLACE Rodney,13
475,Argentina,MF,CA Independiente (ARG),13,23.09.1994,MINA Yerry,13
476,Argentina,MF,CA Independiente (ARG),13,14.05.1994,MARQUINHOS,13
477,Argentina,MF,CA Independiente (ARG),13,25.06.1992,CASTEELS Koen,13
478,Argentina,MF,CA Independiente (ARG),13,15.09.1990,MOOY Aaron,13
479,Argentina,MF,CA Independiente (ARG),13,15.12.1992,MEZA Maximiliano,13
480,Argentina,DF,Sporting CP (POR),8,28.12.1995,NANDEZ Nahitan,8
481,Argentina,DF,Sporting CP (POR),8,23.06.1991,BEN YOUSSEF Fakhreddine,8
482,Argentina,DF,Sporting CP (POR),8,15.04.1992,FREULER Remo,8
483,Argentina,DF,Sporting CP (POR),8,28.07.1989,EKDAL Albin,8
484,Argentina,DF,Sporting CP (POR),8,08.01.1992,KOKE,8
485,Argentina,DF,Sporting CP (POR),8,21.04.1990,PRIJOVIC Aleksandar,8
486,Argentina,DF,Sporting CP (POR),8,21.12.1989,KOUYATE Cheikhou,8
487,Argentina,DF,Sporting CP (POR),8,26.06.1990,YAHIA ALSHEHRI,8
488,Argentina,DF,Sporting CP (POR),8,20.07.1989,GAZINSKY Iury,8
489,Argentina,DF,Sporting CP (POR),8,08.09.1986,JOAO MOUTINHO,8
490,Argentina,DF,Sporting CP (POR),8,02.02.1995,LINETTY Karol,8
491,Argentina,DF,Sporting CP (POR),8,23.11.1991,CUEVA Christian,8
492,Argentina,DF,Sporting CP (POR),8,23.10.1993,BARCENAS Edgar,8
493,Argentina,DF,Sporting CP (POR),8,09.11.1995,ETEBO Oghenekaro,8
494,Argentina,DF,Sporting CP (POR),8,27.01.1985,EL AHMADI Karim,8
495,Argentina,DF,Sporting CP (POR),8,21.07.1989,FABIAN Marco,8
496,Argentina,DF,Sporting CP (POR),8,30.10.1990,JU Sejong,8
497,Argentina,DF,Sporting CP (POR),8,09.05.1991,HARAGUCHI Genki,8
498,Argentina,DF,Sporting CP (POR),8,19.04.1992,POURALIGANJI Morteza,8
499,Argentina,DF,Sporting CP (POR),8,27.05.1988,BJARNASON Birkir,8
500,Argentina,DF,Sporting CP (POR),8,04.01.1990,KROOS Toni,8
501,Argentina,DF,Sporting CP (POR),8,12.11.1995,LEMAR Thomas,8
502,Argentina,DF,Sporting CP (POR),8,17.06.1990,HENDERSON Jordan,8
503,Argentina,DF,Sporting CP (POR),8,24.10.1988,TAREK HAMED,8
504,Argentina,DF,Sporting CP (POR),8,03.09.1991,DELANEY Thomas,8
505,Argentina,DF,Sporting CP (POR),8,06.05.1994,KOVACIC Mateo,8
506,Argentina,DF,Sporting CP (POR),8,18.02.1990,OVIEDO Bryan,8
507,Argentina,DF,Sporting CP (POR),8,06.01.1985,AGUILAR Abel,8
508,Argentina,DF,Sporting CP (POR),8,08.02.1988,RENATO AUGUSTO,8
509,Argentina,DF,Sporting CP (POR),8,22.11.1987,FELLAINI Marouane,8
510,Argentina,DF,Sporting CP (POR),8,25.09.1992,LUONGO Massimo,8
511,Argentina,DF,Sporting CP (POR),8,28.10.1991,ACUNA Marcos,8
512,Argentina,GK,Chelsea FC (ENG),23,25.03.1983,SILVA Martin,23
513,Argentina,GK,Chelsea FC (ENG),23,27.07.1992,SLITI Naim,23
514,Argentina,GK,Chelsea FC (ENG),23,10.10.1991,SHAQIRI Xherdan,23
515,Argentina,GK,Chelsea FC (ENG),23,23.06.1989,NORDFELDT Kristoffer,23
516,Argentina,GK,Chelsea FC (ENG),23,31.08.1982,REINA Pepe,23
517,Argentina,GK,Chelsea FC (ENG),23,24.01.1992,DMITROVIC Marko,23
518,Argentina,GK,Chelsea FC (ENG),23,05.09.1993,GOMIS Alfred,23
519,Argentina,GK,Chelsea FC (ENG),23,17.02.1992,MOTAZ HAWSAWI,23
520,Argentina,GK,Chelsea FC (ENG),23,08.08.1988,SMOLNIKOV Igor,23
521,Argentina,GK,Chelsea FC (ENG),23,15.03.1989,ADRIEN SILVA,23
522,Argentina,GK,Chelsea FC (ENG),23,14.03.1997,KOWNACKI Dawid,23
523,Argentina,GK,Chelsea FC (ENG),23,13.04.1995,AQUINO Pedro,23
524,Argentina,GK,Chelsea FC (ENG),23,24.02.1981,BALOY Felipe,23
525,Argentina,GK,Chelsea FC (ENG),23,28.10.1998,UZOHO Francis,23
526,Argentina,GK,Chelsea FC (ENG),23,01.07.1989,CARCELA Mehdi,23
527,Argentina,GK,Chelsea FC (ENG),23,15.08.1994,GALLARDO Jesus,23
528,Argentina,GK,Chelsea FC (ENG),23,25.09.1991,JO Hyeonwoo,23
529,Argentina,GK,Chelsea FC (ENG),23,27.02.1995,NAKAMURA Kosuke,23
530,Argentina,GK,Chelsea FC (ENG),23,21.03.1990,REZAEIAN Ramin,23
531,Argentina,GK,Chelsea FC (ENG),23,14.05.1987,SKULASON Ari,23
532,Argentina,GK,Chelsea FC (ENG),23,10.07.1985,GOMEZ Mario,23
533,Argentina,GK,Chelsea FC (ENG),23,27.02.1993,AREOLA Alphonse,23
534,Argentina,GK,Chelsea FC (ENG),23,19.04.1992,POPE Nick,23
535,Argentina,GK,Chelsea FC (ENG),23,18.12.1988,MOHAMED ELSHENAWY,23
536,Argentina,GK,Chelsea FC (ENG),23,04.02.1995,SISTO Pione,23
537,Argentina,GK,Chelsea FC (ENG),23,27.10.1984,SUBASIC Danijel,23
538,Argentina,GK,Chelsea FC (ENG),23,02.04.1990,MOREIRA Leonel,23
539,Argentina,GK,Chelsea FC (ENG),23,12.06.1996,SANCHEZ Davinson,23
540,Argentina,GK,Chelsea FC (ENG),23,17.08.1993,EDERSON,23
541,Argentina,GK,Chelsea FC (ENG),23,15.04.1995,DENDONCKER Leander,23
542,Argentina,GK,Chelsea FC (ENG),23,16.12.1992,ROGIC Tom,23
543,Argentina,GK,Chelsea FC (ENG),23,28.09.1981,CABALLERO Wilfredo,23
544,Argentina,DF,Sevilla FC (ESP),2,20.01.1995,GIMENEZ Jose,2
545,Argentina,DF,Sevilla FC (ESP),2,31.03.1989,BEN YOUSSEF Syam,2
546,Argentina,DF,Sevilla FC (ESP),2,16.01.1984,LICHTSTEINER Stephan,2
547,Argentina,DF,Sevilla FC (ESP),2,13.12.1986,LUSTIG Mikael,2
548,Argentina,DF,Sevilla FC (ESP),2,11.01.1992,CARVAJAL Dani,2
549,Argentina,DF,Sevilla FC (ESP),2,26.01.1984,RUKAVINA Antonio,2
550,Argentina,DF,Sevilla FC (ESP),2,15.06.1989,CISS Saliou,2
551,Argentina,DF,Sevilla FC (ESP),2,19.10.1987,MANSOUR ALHARBI,2
552,Argentina,DF,Sevilla FC (ESP),2,19.09.1990,MARIO FERNANDES,2
553,Argentina,DF,Sevilla FC (ESP),2,27.11.1981,BRUNO ALVES,2
554,Argentina,DF,Sevilla FC (ESP),2,21.09.1987,PAZDAN Michal,2
555,Argentina,DF,Sevilla FC (ESP),2,31.03.1984,RODRIGUEZ Alberto,2
556,Argentina,DF,Sevilla FC (ESP),2,11.02.1996,MURILLO Michael,2
557,Argentina,DF,Sevilla FC (ESP),2,18.05.1992,IDOWU Bryan,2
558,Argentina,DF,Sevilla FC (ESP),2,04.11.1998,HAKIMI Achraf,2
559,Argentina,DF,Sevilla FC (ESP),2,31.03.1987,AYALA Hugo,2
560,Argentina,DF,Sevilla FC (ESP),2,24.12.1986,LEE Yong,2
561,Argentina,DF,Sevilla FC (ESP),2,24.10.1994,UEDA Naomichi,2
562,Argentina,DF,Sevilla FC (ESP),2,10.09.1994,TORABI Mehdi,2
563,Argentina,DF,Sevilla FC (ESP),2,11.11.1984,SAEVARSSON Birkir,2
564,Argentina,DF,Sevilla FC (ESP),2,26.01.1992,PLATTENHARDT Marvin,2
565,Argentina,DF,Sevilla FC (ESP),2,28.03.1996,PAVARD Benjamin,2
566,Argentina,DF,Sevilla FC (ESP),2,28.05.1990,WALKER Kyle,2
567,Argentina,DF,Sevilla FC (ESP),2,01.01.1989,ALI GABR,2
568,Argentina,DF,Sevilla FC (ESP),2,06.06.1983,KROHN-DEHLI Michael,2
569,Argentina,DF,Sevilla FC (ESP),2,10.01.1992,VRSALJKO Sime,2
570,Argentina,DF,Sevilla FC (ESP),2,21.07.1983,ACOSTA Johnny,2
571,Argentina,DF,Sevilla FC (ESP),2,30.09.1986,ZAPATA Cristian,2
572,Argentina,DF,Sevilla FC (ESP),2,22.09.1984,THIAGO SILVA,2
573,Argentina,DF,Sevilla FC (ESP),2,02.03.1989,ALDERWEIRELD Toby,2
574,Argentina,DF,Sevilla FC (ESP),2,28.04.1994,DEGENEK Milos,2
575,Argentina,DF,Sevilla FC (ESP),2,18.03.1987,MERCADO Gabriel,2
576,Argentina,DF,Manchester City FC (ENG),17,07.02.1993,LAXALT Diego,17
577,Argentina,DF,Manchester City FC (ENG),17,10.05.1995,SKHIRI Ellyes,17
578,Argentina,DF,Manchester City FC (ENG),17,20.11.1996,ZAKARIA Denis,17
579,Argentina,DF,Manchester City FC (ENG),17,02.01.1992,CLAESSON Viktor,17
580,Argentina,DF,Manchester City FC (ENG),17,01.08.1987,ASPAS Iago,17
581,Argentina,DF,Manchester City FC (ENG),17,01.11.1992,KOSTIC Filip,17
582,Argentina,DF,Manchester City FC (ENG),17,27.10.1990,NDIAYE Pape Alioune,17
583,Argentina,DF,Manchester City FC (ENG),17,25.07.1984,TAISEER ALJASSAM,17
584,Argentina,DF,Manchester City FC (ENG),17,30.05.1996,GOLOVIN Aleksandr,17
585,Argentina,DF,Manchester City FC (ENG),17,29.11.1996,GONCALO GUEDES,17
586,Argentina,DF,Manchester City FC (ENG),17,19.02.1985,PESZKO Slawomir,17
587,Argentina,DF,Manchester City FC (ENG),17,02.03.1990,ADVINCULA Luis,17
588,Argentina,DF,Manchester City FC (ENG),17,07.09.1988,OVALLE Luis,17
589,Argentina,DF,Manchester City FC (ENG),17,25.12.1992,ONAZI Ogenyi,17
590,Argentina,DF,Manchester City FC (ENG),17,25.02.1986,DIRAR Nabil,17
591,Argentina,DF,Manchester City FC (ENG),17,06.01.1993,CORONA Jesus,17
592,Argentina,DF,Manchester City FC (ENG),17,10.08.1992,LEE Jaesung,17
593,Argentina,DF,Manchester City FC (ENG),17,18.01.1984,HASEBE Makoto,17
594,Argentina,DF,Manchester City FC (ENG),17,18.07.1992,TAREMI Mehdi,17
595,Argentina,DF,Manchester City FC (ENG),17,22.04.1989,GUNNARSSON Aron,17
596,Argentina,DF,Manchester City FC (ENG),17,03.09.1988,BOATENG Jerome,17
597,Argentina,DF,Manchester City FC (ENG),17,27.12.1985,RAMI Adil,17
598,Argentina,DF,Manchester City FC (ENG),17,21.11.1989,DELPH Fabian,17
599,Argentina,DF,Manchester City FC (ENG),17,11.07.1992,MOHAMED ELNENY,17
600,Argentina,DF,Manchester City FC (ENG),17,21.02.1991,STRYGER LARSEN Jens,17
601,Argentina,DF,Manchester City FC (ENG),17,21.05.1986,MANDZUKIC Mario,17
602,Argentina,DF,Manchester City FC (ENG),17,17.03.1992,TEJEDA Yeltsin,17
603,Argentina,DF,Manchester City FC (ENG),17,21.08.1992,MOJICA Johan,17
604,Argentina,DF,Manchester City FC (ENG),17,04.05.1985,FERNANDINHO,17
605,Argentina,DF,Manchester City FC (ENG),17,07.05.1997,TIELEMANS Youri,17
606,Argentina,DF,Manchester City FC (ENG),17,04.01.1999,ARZANI Daniel,17
607,Argentina,DF,Manchester City FC (ENG),17,12.02.1988,OTAMENDI Nicolas,17
608,Argentina,DF,Manchester United FC (ENG),16,08.06.1984,PEREIRA Maximiliano,16
609,Argentina,DF,Manchester United FC (ENG),16,14.09.1984,MATHLOUTHI Aymen,16
610,Argentina,DF,Manchester United FC (ENG),16,02.09.1986,FERNANDES Gelson,16
611,Argentina,DF,Manchester United FC (ENG),16,02.08.1994,KRAFTH Emil,16
612,Argentina,DF,Manchester United FC (ENG),16,26.02.1986,MONREAL Nacho,16
613,Argentina,DF,Manchester United FC (ENG),16,13.04.1996,GRUJIC Marko,16
614,Argentina,DF,Manchester United FC (ENG),16,05.04.1985,NDIAYE Khadim,16
615,Argentina,DF,Manchester United FC (ENG),16,24.03.1988,HUSSAIN ALMOQAHWI,16
616,Argentina,DF,Manchester United FC (ENG),16,17.10.1995,MIRANCHUK Anton,16
617,Argentina,DF,Manchester United FC (ENG),16,08.09.1994,BRUNO FERNANDES,16
618,Argentina,DF,Manchester United FC (ENG),16,14.12.1985,BLASZCZYKOWSKI Jakub,16
619,Argentina,DF,Manchester United FC (ENG),16,23.09.1994,CARTAGENA Wilder,16
620,Argentina,DF,Manchester United FC (ENG),16,13.12.1993,ARROYO Abdiel,16
621,Argentina,DF,Manchester United FC (ENG),16,08.03.1986,AKPEYI Daniel,16
622,Argentina,DF,Manchester United FC (ENG),16,31.03.1987,AMRABAT Noureddine,16
623,Argentina,DF,Manchester United FC (ENG),16,19.04.1990,HERRERA Hector,16
624,Argentina,DF,Manchester United FC (ENG),16,24.01.1989,KI Sungyueng,16
625,Argentina,DF,Manchester United FC (ENG),16,06.10.1990,YAMAGUCHI Hotaru,16
626,Argentina,DF,Manchester United FC (ENG),16,20.09.1987,GHOOCHANNEJHAD Reza,16
627,Argentina,DF,Manchester United FC (ENG),16,01.04.1983,SKULASON Olafur,16
628,Argentina,DF,Manchester United FC (ENG),16,03.03.1993,RUEDIGER Antonio,16
629,Argentina,DF,Manchester United FC (ENG),16,28.03.1985,MANDANDA Steve,16
630,Argentina,DF,Manchester United FC (ENG),16,21.02.1992,JONES Phil,16
631,Argentina,DF,Manchester United FC (ENG),16,10.07.1983,SHERIF EKRAMY,16
632,Argentina,DF,Manchester United FC (ENG),16,01.02.1989,LOSSL Jonas,16
633,Argentina,DF,Manchester United FC (ENG),16,05.01.1988,KALINIC Nikola,16
634,Argentina,DF,Manchester United FC (ENG),16,24.10.1989,GAMBOA Cristian,16
635,Argentina,DF,Manchester United FC (ENG),16,25.10.1994,LERMA Jefferson,16
636,Argentina,DF,Manchester United FC (ENG),16,06.06.1987,CASSIO,16
637,Argentina,DF,Manchester United FC (ENG),16,29.03.1993,HAZARD Thorgan,16
638,Argentina,DF,Manchester United FC (ENG),16,16.12.1990,BEHICH Aziz,16
639,Argentina,DF,Manchester United FC (ENG),16,20.03.1990,ROJO Marcos,16
640,Argentina,DF,AS Roma (ITA),6,25.06.1997,BENTANCUR Rodrigo,6
641,Argentina,DF,AS Roma (ITA),6,19.01.1990,BEDOUI Rami,6
642,Argentina,DF,AS Roma (ITA),6,08.02.1991,LANG Michael,6
643,Argentina,DF,AS Roma (ITA),6,21.04.1994,AUGUSTINSSON Ludwig,6
644,Argentina,DF,AS Roma (ITA),6,11.05.1984,INIESTA Andres,6
645,Argentina,DF,AS Roma (ITA),6,22.02.1984,IVANOVIC Branislav,6
646,Argentina,DF,AS Roma (ITA),6,25.08.1990,SANE Salif,6
647,Argentina,DF,AS Roma (ITA),6,15.09.1992,MOHAMMED ALBURAYK,6
648,Argentina,DF,AS Roma (ITA),6,26.12.1990,CHERYSHEV Denis,6
649,Argentina,DF,AS Roma (ITA),6,22.12.1983,JOSE FONTE,6
650,Argentina,DF,AS Roma (ITA),6,21.09.1992,GORALSKI Jacek,6
651,Argentina,DF,AS Roma (ITA),6,25.08.1992,TRAUCO Miguel,6
652,Argentina,DF,AS Roma (ITA),6,29.05.1984,GOMEZ Gabriel,6
653,Argentina,DF,AS Roma (ITA),6,28.06.1988,BALOGUN Leon,6
654,Argentina,DF,AS Roma (ITA),6,26.03.1990,SAISS Romain,6
655,Argentina,DF,AS Roma (ITA),6,26.04.1990,DOS SANTOS Jonathan,6
656,Argentina,DF,AS Roma (ITA),6,16.01.1987,PARK Jooho,6
657,Argentina,DF,AS Roma (ITA),6,09.02.1993,ENDO Wataru,6
658,Argentina,DF,AS Roma (ITA),6,01.10.1996,EZATOLAHI Saeid,6
659,Argentina,DF,AS Roma (ITA),6,19.06.1986,SIGURDSSON Ragnar,6
660,Argentina,DF,AS Roma (ITA),6,04.04.1987,KHEDIRA Sami,6
661,Argentina,DF,AS Roma (ITA),6,15.03.1993,POGBA Paul,6
662,Argentina,DF,AS Roma (ITA),6,05.03.1993,MAGUIRE Harry,6
663,Argentina,DF,AS Roma (ITA),6,25.01.1991,AHMED HEGAZY,6
664,Argentina,DF,AS Roma (ITA),6,10.04.1996,CHRISTENSEN Andreas,6
665,Argentina,DF,AS Roma (ITA),6,05.07.1989,LOVREN Dejan,6
666,Argentina,DF,AS Roma (ITA),6,03.06.1989,DUARTE Oscar,6
667,Argentina,DF,AS Roma (ITA),6,06.02.1986,SANCHEZ Carlos,6
668,Argentina,DF,AS Roma (ITA),6,09.08.1985,FILIPE LUIS,6
669,Argentina,DF,AS Roma (ITA),6,12.01.1989,WITSEL Axel,6
670,Argentina,DF,AS Roma (ITA),6,08.12.1989,JURMAN Matthew,6
671,Argentina,DF,AS Roma (ITA),6,17.03.1987,FAZIO Federico,6
672,Argentina,GK,CA River Plate (ARG),12,29.05.1989,CAMPANA Martin,12
673,Argentina,GK,CA River Plate (ARG),12,01.01.1990,MAALOUL Ali,12
674,Argentina,GK,CA River Plate (ARG),12,06.06.1994,MVOGO Yvon,12
675,Argentina,GK,CA River Plate (ARG),12,28.01.1990,JOHNSSON Karl-Johan,12
676,Argentina,GK,CA River Plate (ARG),12,14.12.1995,ODRIOZOLA Alvaro,12
677,Argentina,GK,CA River Plate (ARG),12,31.10.1995,RAJKOVIC Predrag,12
678,Argentina,GK,CA River Plate (ARG),12,05.03.1993,SABALY Youssouf,12
679,Argentina,GK,CA River Plate (ARG),12,22.09.1994,MOHAMED KANNO,12
680,Argentina,GK,CA River Plate (ARG),12,13.11.1991,LUNEV Andrei,12
681,Argentina,GK,CA River Plate (ARG),12,01.10.1990,ANTHONY LOPES,12
682,Argentina,GK,CA River Plate (ARG),12,06.07.1987,BIALKOWSKI Bartosz,12
683,Argentina,GK,CA River Plate (ARG),12,27.09.1991,CACEDA Carlos,12
684,Argentina,GK,CA River Plate (ARG),12,14.08.1985,CALDERON Jose,12
685,Argentina,GK,CA River Plate (ARG),12,12.03.1993,SHEHU Abdullahi,12
686,Argentina,GK,CA River Plate (ARG),12,10.05.1989,EL KAJOUI Monir,12
687,Argentina,GK,CA River Plate (ARG),12,18.09.1982,TALAVERA Alfredo,12
688,Argentina,GK,CA River Plate (ARG),12,25.02.1990,KIM Minwoo,12
689,Argentina,GK,CA River Plate (ARG),12,12.05.1986,HIGASHIGUCHI Masaaki,12
690,Argentina,GK,CA River Plate (ARG),12,18.05.1989,MAZAHERI Rashid,12
691,Argentina,GK,CA River Plate (ARG),12,19.01.1995,SCHRAM Frederik,12
692,Argentina,GK,CA River Plate (ARG),12,08.07.1990,TRAPP Kevin,12
693,Argentina,GK,CA River Plate (ARG),12,03.08.1994,TOLISSO Corentin,12
694,Argentina,GK,CA River Plate (ARG),12,19.09.1990,TRIPPIER Kieran,12
695,Argentina,GK,CA River Plate (ARG),12,09.04.1991,AYMAN ASHRAF,12
696,Argentina,GK,CA River Plate (ARG),12,06.10.1997,DOLBERG Kasper,12
697,Argentina,GK,CA River Plate (ARG),12,03.04.1990,KALINIC Lovre,12
698,Argentina,GK,CA River Plate (ARG),12,26.06.1992,CAMPBELL Joel,12
699,Argentina,GK,CA River Plate (ARG),12,09.03.1989,VARGAS Camilo,12
700,Argentina,GK,CA River Plate (ARG),12,12.05.1988,MARCELO,12
701,Argentina,GK,CA River Plate (ARG),12,06.03.1988,MIGNOLET Simon,12
702,Argentina,GK,CA River Plate (ARG),12,19.03.1982,JONES Brad,12
703,Argentina,GK,CA River Plate (ARG),12,16.10.1986,ARMANI Franco,12
704,Argentina,GK,Tigres UANL (MEX),1,16.06.1986,MUSLERA Fernando,1
705,Argentina,GK,Tigres UANL (MEX),1,01.07.1989,BEN MUSTAPHA Farouk,1
706,Argentina,GK,Tigres UANL (MEX),1,17.12.1988,SOMMER Yann,1
707,Argentina,GK,Tigres UANL (MEX),1,08.01.1990,OLSEN Robin,1
708,Argentina,GK,Tigres UANL (MEX),1,07.11.1990,DE GEA David,1
709,Argentina,GK,Tigres UANL (MEX),1,28.07.1983,STOJKOVIC Vladimir,1
710,Argentina,GK,Tigres UANL (MEX),1,30.03.1992,DIALLO Abdoulaye,1
711,Argentina,GK,Tigres UANL (MEX),1,23.01.1987,ABDULLAH ALMUAIOUF,1
712,Argentina,GK,Tigres UANL (MEX),1,08.04.1986,AKINFEEV Igor,1
713,Argentina,GK,Tigres UANL (MEX),1,15.02.1988,RUI PATRICIO,1
714,Argentina,GK,Tigres UANL (MEX),1,18.04.1990,SZCZESNY Wojciech,1
715,Argentina,GK,Tigres UANL (MEX),1,23.02.1990,GALLESE Pedro,1
716,Argentina,GK,Tigres UANL (MEX),1,26.09.1981,PENEDO Jaime,1
717,Argentina,GK,Tigres UANL (MEX),1,16.10.1988,EZENWA Ikechukwu,1
718,Argentina,GK,Tigres UANL (MEX),1,05.04.1991,BOUNOU Yassine,1
719,Argentina,GK,Tigres UANL (MEX),1,26.01.1981,CORONA Jose,1
720,Argentina,GK,Tigres UANL (MEX),1,30.09.1990,KIM Seunggyu,1
721,Argentina,GK,Tigres UANL (MEX),1,20.03.1983,KAWASHIMA Eiji,1
722,Argentina,GK,Tigres UANL (MEX),1,21.09.1992,BEIRANVAND Ali,1
723,Argentina,GK,Tigres UANL (MEX),1,27.04.1984,HALLDORSSON Hannes,1
724,Argentina,GK,Tigres UANL (MEX),1,27.03.1986,NEUER Manuel,1
725,Argentina,GK,Tigres UANL (MEX),1,26.12.1986,LLORIS Hugo,1
726,Argentina,GK,Tigres UANL (MEX),1,07.03.1994,PICKFORD Jordan,1
727,Argentina,GK,Tigres UANL (MEX),1,15.01.1973,ESSAM EL HADARY,1
728,Argentina,GK,Tigres UANL (MEX),1,05.11.1986,SCHMEICHEL Kasper,1
729,Argentina,GK,Tigres UANL (MEX),1,09.01.1995,LIVAKOVIC Dominik,1
730,Argentina,GK,Tigres UANL (MEX),1,15.12.1986,NAVAS Keylor,1
731,Argentina,GK,Tigres UANL (MEX),1,31.08.1988,OSPINA David,1
732,Argentina,GK,Tigres UANL (MEX),1,02.10.1992,ALISSON,1
733,Argentina,GK,Tigres UANL (MEX),1,11.05.1992,COURTOIS Thibaut,1
734,Argentina,GK,Tigres UANL (MEX),1,08.04.1992,RYAN Mathew,1
735,Argentina,GK,Tigres UANL (MEX),1,10.02.1986,GUZMAN Nahuel,1
